match_id,season,date,match_number,venue,city,team1,team2,toss_winner,toss_decision,winner,win_by_runs,win_by_wickets,result_method,result_type,player_of_match,overs_per_side,balls_per_over,match_type,gender
959175,2015/16,2016-02-04,1.0,Dubai International Cricket Stadium,,Islamabad United,Quetta Gladiators,Quetta Gladiators,field,Quetta Gladiators,,8.0,,,Mohammad Nawaz (3),20,6,T20,male
959177,2015/16,2016-02-05,2.0,Dubai International Cricket Stadium,,Lahore Qalandars,Karachi Kings,Karachi Kings,field,Karachi Kings,,7.0,,,Shakib Al Hasan,20,6,T20,male
959179,2015/16,2016-02-05,3.0,Dubai International Cricket Stadium,,Peshawar Zalmi,Islamabad United,Peshawar Zalmi,bat,Peshawar Zalmi,24.0,,,,Mohammad Asghar,20,6,T20,male
959181,2015/16,2016-02-06,4.0,Dubai International Cricket Stadium,,Karachi Kings,Quetta Gladiators,Quetta Gladiators,field,Quetta Gladiators,,8.0,,,Ahmed Shehzad,20,6,T20,male
959183,2015/16,2016-02-06,5.0,Dubai International Cricket Stadium,,Lahore Qalandars,Peshawar Zalmi,Peshawar Zalmi,field,Peshawar Zalmi,,9.0,,,Tamim Iqbal,20,6,T20,male
959185,2015/16,2016-02-07,6.0,Dubai International Cricket Stadium,,Islamabad United,Karachi Kings,Karachi Kings,field,Islamabad United,2.0,,,,Saeed Ajmal,20,6,T20,male
959187,2015/16,2016-02-07,7.0,Dubai International Cricket Stadium,,Peshawar Zalmi,Quetta Gladiators,Quetta Gladiators,field,Quetta Gladiators,,3.0,,,Mohammad Nawaz (3),20,6,T20,male
959189,2015/16,2016-02-08,8.0,Dubai International Cricket Stadium,,Lahore Qalandars,Quetta Gladiators,Quetta Gladiators,field,Lahore Qalandars,63.0,,,,Umar Akmal,20,6,T20,male
959191,2015/16,2016-02-10,9.0,Sharjah Cricket Stadium,,Lahore Qalandars,Islamabad United,Islamabad United,field,Islamabad United,,8.0,,,Sharjeel Khan,20,6,T20,male
959195,2015/16,2016-02-11,11.0,Sharjah Cricket Stadium,,Islamabad United,Quetta Gladiators,Quetta Gladiators,field,Quetta Gladiators,,7.0,,,GD Elliott,20,6,T20,male
959197,2015/16,2016-02-12,12.0,Sharjah Cricket Stadium,,Karachi Kings,Lahore Qalandars,Lahore Qalandars,field,Karachi Kings,27.0,,,,RS Bopara,20,6,T20,male
959199,2015/16,2016-02-12,13.0,Sharjah Cricket Stadium,,Islamabad United,Peshawar Zalmi,Peshawar Zalmi,field,Peshawar Zalmi,,7.0,,,Tamim Iqbal,20,6,T20,male
959203,2015/16,2016-02-13,15.0,Sharjah Cricket Stadium,,Lahore Qalandars,Peshawar Zalmi,Peshawar Zalmi,field,Lahore Qalandars,4.0,,,,CS Delport,20,6,T20,male
959201,2015/16,2016-02-13,14.0,Sharjah Cricket Stadium,,Karachi Kings,Quetta Gladiators,Karachi Kings,bat,Quetta Gladiators,,5.0,,,GD Elliott,20,6,T20,male
959205,2015/16,2016-02-14,16.0,Sharjah Cricket Stadium,,Karachi Kings,Islamabad United,Islamabad United,field,Islamabad United,,5.0,,,Imran Khalid,20,6,T20,male
959207,2015/16,2016-02-14,17.0,Sharjah Cricket Stadium,,Quetta Gladiators,Peshawar Zalmi,Quetta Gladiators,bat,Peshawar Zalmi,,8.0,,,Shahid Afridi,20,6,T20,male
959209,2015/16,2016-02-16,18.0,Dubai International Cricket Stadium,,Lahore Qalandars,Quetta Gladiators,Quetta Gladiators,field,Quetta Gladiators,,2.0,,,Bismillah Khan,20,6,T20,male
959211,2015/16,2016-02-17,19.0,Dubai International Cricket Stadium,,Karachi Kings,Peshawar Zalmi,Karachi Kings,bat,Peshawar Zalmi,,5.0,,,BJ Hodge,20,6,T20,male
959213,2015/16,2016-02-17,20.0,Dubai International Cricket Stadium,,Lahore Qalandars,Islamabad United,Islamabad United,field,Islamabad United,,5.0,,,Mohammad Irfan,20,6,T20,male
959215,2015/16,2016-02-19,,Dubai International Cricket Stadium,,Quetta Gladiators,Peshawar Zalmi,Peshawar Zalmi,field,Quetta Gladiators,1.0,,,,Mohammad Nawaz (3),20,6,T20,male
959217,2015/16,2016-02-20,,Dubai International Cricket Stadium,,Karachi Kings,Islamabad United,Islamabad United,field,Islamabad United,,9.0,,,Mohammad Sami,20,6,T20,male
959219,2015/16,2016-02-21,,Dubai International Cricket Stadium,,Islamabad United,Peshawar Zalmi,Peshawar Zalmi,field,Islamabad United,50.0,,,,Sharjeel Khan,20,6,T20,male
959221,2015/16,2016-02-23,,Dubai International Cricket Stadium,,Quetta Gladiators,Islamabad United,Islamabad United,field,Islamabad United,,6.0,,,DR Smith,20,6,T20,male
1075986,2016/17,2017-02-09,1.0,Dubai International Cricket Stadium,,Islamabad United,Peshawar Zalmi,Islamabad United,field,Islamabad United,,7.0,D/L,,BJ Haddin,20,6,T20,male
1075987,2016/17,2017-02-10,2.0,Dubai International Cricket Stadium,,Lahore Qalandars,Quetta Gladiators,Lahore Qalandars,field,Quetta Gladiators,8.0,,,,Hassan Khan,20,6,T20,male
1075988,2016/17,2017-02-10,3.0,Dubai International Cricket Stadium,,Karachi Kings,Peshawar Zalmi,Peshawar Zalmi,field,Peshawar Zalmi,,7.0,,,EJG Morgan,20,6,T20,male
1075990,2016/17,2017-02-11,5.0,Dubai International Cricket Stadium,,Karachi Kings,Quetta Gladiators,Quetta Gladiators,field,Quetta Gladiators,,7.0,,,RR Rossouw,20,6,T20,male
1075989,2016/17,2017-02-11,4.0,Dubai International Cricket Stadium,,Islamabad United,Lahore Qalandars,Lahore Qalandars,field,Lahore Qalandars,,6.0,,,JJ Roy,20,6,T20,male
1075991,2016/17,2017-02-12,6.0,Dubai International Cricket Stadium,,Lahore Qalandars,Peshawar Zalmi,Peshawar Zalmi,field,Peshawar Zalmi,,3.0,,,Yasir Shah,20,6,T20,male
1075992,2016/17,2017-02-15,7.0,Sharjah Cricket Stadium,,Islamabad United,Quetta Gladiators,Islamabad United,field,Islamabad United,,5.0,,,SW Billings,20,6,T20,male
1075993,2016/17,2017-02-16,8.0,Sharjah Cricket Stadium,,Karachi Kings,Lahore Qalandars,Karachi Kings,field,Lahore Qalandars,7.0,,,,Fakhar Zaman,20,6,T20,male
1075995,2016/17,2017-02-17,10.0,Sharjah Cricket Stadium,,Islamabad United,Karachi Kings,Karachi Kings,field,Karachi Kings,8.0,,D/L,,Babar Azam,20,6,T20,male
1075994,2016/17,2017-02-17,9.0,Sharjah Cricket Stadium,,Peshawar Zalmi,Quetta Gladiators,Quetta Gladiators,field,,,,,no result,,20,6,T20,male
1075997,2016/17,2017-02-18,12.0,Sharjah Cricket Stadium,,Islamabad United,Peshawar Zalmi,Islamabad United,field,Islamabad United,,5.0,,,Mohammad Sami,20,6,T20,male
1075996,2016/17,2017-02-18,11.0,Sharjah Cricket Stadium,,Lahore Qalandars,Quetta Gladiators,Quetta Gladiators,field,Quetta Gladiators,,5.0,,,KP Pietersen,20,6,T20,male
1075998,2016/17,2017-02-19,13.0,Sharjah Cricket Stadium,,Karachi Kings,Peshawar Zalmi,Peshawar Zalmi,field,Karachi Kings,9.0,,,,Shoaib Malik,20,6,T20,male
1075999,2016/17,2017-02-20,14.0,Sharjah Cricket Stadium,,Islamabad United,Lahore Qalandars,Lahore Qalandars,field,Lahore Qalandars,,1.0,,,Umar Akmal,20,6,T20,male
1076000,2016/17,2017-02-23,15.0,Dubai International Cricket Stadium,,Karachi Kings,Quetta Gladiators,Quetta Gladiators,field,Quetta Gladiators,,6.0,,,Mahmudullah,20,6,T20,male
1076002,2016/17,2017-02-24,17.0,Dubai International Cricket Stadium,,Islamabad United,Quetta Gladiators,Quetta Gladiators,field,Islamabad United,1.0,,,,Mohammad Sami,20,6,T20,male
1076001,2016/17,2017-02-24,16.0,Dubai International Cricket Stadium,,Lahore Qalandars,Peshawar Zalmi,Peshawar Zalmi,bat,Peshawar Zalmi,17.0,,,,Shakib Al Hasan,20,6,T20,male
1076004,2016/17,2017-02-25,19.0,Dubai International Cricket Stadium,,Peshawar Zalmi,Quetta Gladiators,Peshawar Zalmi,field,Peshawar Zalmi,,2.0,,,Mohammad Asghar,20,6,T20,male
1076003,2016/17,2017-02-25,18.0,Dubai International Cricket Stadium,,Karachi Kings,Lahore Qalandars,Karachi Kings,field,Karachi Kings,,5.0,,,KA Pollard,20,6,T20,male
1076005,2016/17,2017-02-26,20.0,Dubai International Cricket Stadium,,Islamabad United,Karachi Kings,Karachi Kings,field,Karachi Kings,,6.0,,,CH Gayle,20,6,T20,male
1076006,2016/17,2017-02-28,,Sharjah Cricket Stadium,Sharjah,Quetta Gladiators,Peshawar Zalmi,Peshawar Zalmi,field,Quetta Gladiators,1.0,,,,Ahmed Shehzad,20,6,T20,male
1076007,2016/17,2017-03-01,,Sharjah Cricket Stadium,Sharjah,Karachi Kings,Islamabad United,Islamabad United,field,Karachi Kings,44.0,,,,Imad Wasim,20,6,T20,male
1076008,2016/17,2017-03-03,,Dubai International Cricket Stadium,Dubai,Peshawar Zalmi,Karachi Kings,Karachi Kings,field,Peshawar Zalmi,24.0,,,,Kamran Akmal,20,6,T20,male
1076009,2016/17,2017-03-05,,Gaddafi Stadium,Lahore,Peshawar Zalmi,Quetta Gladiators,Quetta Gladiators,field,Peshawar Zalmi,58.0,,,,DJG Sammy,20,6,T20,male
1128818,2017/18,2018-02-22,1.0,Dubai International Cricket Stadium,Dubai,Peshawar Zalmi,Multan Sultans,Multan Sultans,field,Multan Sultans,,7.0,,,KC Sangakkara,20,6,T20,male
1128819,2017/18,2018-02-23,2.0,Dubai International Cricket Stadium,Dubai,Karachi Kings,Quetta Gladiators,Karachi Kings,bat,Karachi Kings,19.0,,,,CA Ingram,20,6,T20,male
1128820,2017/18,2018-02-23,3.0,Dubai International Cricket Stadium,Dubai,Multan Sultans,Lahore Qalandars,Lahore Qalandars,field,Multan Sultans,43.0,,,,Imran Tahir,20,6,T20,male
1128821,2017/18,2018-02-24,4.0,Dubai International Cricket Stadium,Dubai,Islamabad United,Peshawar Zalmi,Islamabad United,field,Peshawar Zalmi,34.0,,,,Umaid Asif,20,6,T20,male
1128822,2017/18,2018-02-24,5.0,Dubai International Cricket Stadium,Dubai,Quetta Gladiators,Lahore Qalandars,Quetta Gladiators,field,Quetta Gladiators,,9.0,,,Mohammad Nawaz (3),20,6,T20,male
1128823,2017/18,2018-02-25,6.0,Dubai International Cricket Stadium,Dubai,Multan Sultans,Islamabad United,Islamabad United,field,Islamabad United,,5.0,,,Hussain Talat,20,6,T20,male
1128824,2017/18,2018-02-25,7.0,Dubai International Cricket Stadium,Dubai,Karachi Kings,Peshawar Zalmi,Peshawar Zalmi,bat,Karachi Kings,,5.0,,,DR Smith,20,6,T20,male
1128825,2017/18,2018-02-26,8.0,Dubai International Cricket Stadium,Dubai,Karachi Kings,Lahore Qalandars,Karachi Kings,bat,Karachi Kings,27.0,,,,Shahid Afridi,20,6,T20,male
1128826,2017/18,2018-02-28,9.0,Sharjah Cricket Stadium,Sharjah,Islamabad United,Quetta Gladiators,Quetta Gladiators,field,Quetta Gladiators,,6.0,,,KP Pietersen,20,6,T20,male
1128827,2017/18,2018-03-01,10.0,Sharjah Cricket Stadium,Sharjah,Quetta Gladiators,Peshawar Zalmi,Peshawar Zalmi,field,Peshawar Zalmi,,5.0,,,DJG Sammy,20,6,T20,male
1128829,2017/18,2018-03-02,12.0,Sharjah Cricket Stadium,Sharjah,Lahore Qalandars,Islamabad United,Lahore Qalandars,field,,,,,tie,Mohammad Sami,20,6,T20,male
1128830,2017/18,2018-03-03,13.0,Sharjah Cricket Stadium,Sharjah,Multan Sultans,Quetta Gladiators,Multan Sultans,field,Multan Sultans,,9.0,,,Sohail Tanvir,20,6,T20,male
1128831,2017/18,2018-03-03,14.0,Sharjah Cricket Stadium,Sharjah,Peshawar Zalmi,Lahore Qalandars,Lahore Qalandars,bat,Peshawar Zalmi,,10.0,,,LA Dawson,20,6,T20,male
1128832,2017/18,2018-03-04,15.0,Sharjah Cricket Stadium,Sharjah,Islamabad United,Karachi Kings,Islamabad United,field,Islamabad United,,8.0,,,L Ronchi,20,6,T20,male
1128833,2017/18,2018-03-06,16.0,Dubai International Cricket Stadium,Dubai,Peshawar Zalmi,Multan Sultans,Peshawar Zalmi,field,Multan Sultans,19.0,,,,Sohaib Maqsood,20,6,T20,male
1128834,2017/18,2018-03-07,17.0,Dubai International Cricket Stadium,Dubai,Multan Sultans,Quetta Gladiators,Quetta Gladiators,field,Quetta Gladiators,,2.0,,,Umar Gul,20,6,T20,male
1128835,2017/18,2018-03-08,18.0,Dubai International Cricket Stadium,Dubai,Islamabad United,Lahore Qalandars,Islamabad United,field,Islamabad United,,6.0,,,L Ronchi,20,6,T20,male
1128836,2017/18,2018-03-08,19.0,Dubai International Cricket Stadium,Dubai,Karachi Kings,Quetta Gladiators,Karachi Kings,field,Quetta Gladiators,67.0,,,,SR Watson,20,6,T20,male
1128837,2017/18,2018-03-09,20.0,Dubai International Cricket Stadium,Dubai,Multan Sultans,Lahore Qalandars,Multan Sultans,bat,Lahore Qalandars,,6.0,,,Shaheen Shah Afridi,20,6,T20,male
1128838,2017/18,2018-03-09,21.0,Dubai International Cricket Stadium,Dubai,Peshawar Zalmi,Islamabad United,Peshawar Zalmi,field,Islamabad United,26.0,,,,JP Duminy,20,6,T20,male
1128840,2017/18,2018-03-10,23.0,Dubai International Cricket Stadium,Dubai,Peshawar Zalmi,Quetta Gladiators,Quetta Gladiators,field,Quetta Gladiators,,6.0,,,Sarfraz Ahmed,20,6,T20,male
1128839,2017/18,2018-03-10,22.0,Dubai International Cricket Stadium,Dubai,Multan Sultans,Karachi Kings,Multan Sultans,field,Karachi Kings,63.0,,,,Shahid Afridi,20,6,T20,male
1128841,2017/18,2018-03-11,24.0,Dubai International Cricket Stadium,Dubai,Karachi Kings,Lahore Qalandars,Lahore Qalandars,field,,,,,tie,Agha Salman,20,6,T20,male
1128842,2017/18,2018-03-13,25.0,Sharjah Cricket Stadium,Sharjah,Multan Sultans,Islamabad United,Multan Sultans,field,Islamabad United,33.0,,,,L Ronchi,20,6,T20,male
1128843,2017/18,2018-03-14,26.0,Sharjah Cricket Stadium,Sharjah,Quetta Gladiators,Lahore Qalandars,Quetta Gladiators,field,Lahore Qalandars,17.0,,,,Fakhar Zaman,20,6,T20,male
1128845,2017/18,2018-03-15,28.0,Sharjah Cricket Stadium,Sharjah,Quetta Gladiators,Islamabad United,Quetta Gladiators,bat,Islamabad United,,6.0,,,JP Duminy,20,6,T20,male
1128844,2017/18,2018-03-15,27.0,Sharjah Cricket Stadium,Sharjah,Peshawar Zalmi,Karachi Kings,Peshawar Zalmi,bat,Peshawar Zalmi,44.0,,,,Kamran Akmal,20,6,T20,male
1128846,2017/18,2018-03-16,29.0,Sharjah Cricket Stadium,Sharjah,Peshawar Zalmi,Lahore Qalandars,Lahore Qalandars,bat,Peshawar Zalmi,,7.0,,,Kamran Akmal,20,6,T20,male
1128847,2017/18,2018-03-16,30.0,Sharjah Cricket Stadium,Sharjah,Islamabad United,Karachi Kings,Karachi Kings,field,Karachi Kings,,7.0,,,Usman Shinwari,20,6,T20,male
1128848,2017/18,2018-03-18,,Dubai International Cricket Stadium,Dubai,Islamabad United,Karachi Kings,Karachi Kings,bat,Islamabad United,,8.0,,,L Ronchi,20,6,T20,male
1128849,2017/18,2018-03-20,,Gaddafi Stadium,Lahore,Peshawar Zalmi,Quetta Gladiators,Quetta Gladiators,field,Peshawar Zalmi,1.0,,,,Hasan Ali,20,6,T20,male
1128850,2017/18,2018-03-21,,Gaddafi Stadium,Lahore,Karachi Kings,Peshawar Zalmi,Karachi Kings,field,Peshawar Zalmi,13.0,,,,Kamran Akmal,20,6,T20,male
1128851,2017/18,2018-03-25,,National Stadium,Karachi,Islamabad United,Peshawar Zalmi,Peshawar Zalmi,bat,Islamabad United,,3.0,,,L Ronchi,20,6,T20,male
1168820,2018/19,2019-02-14,1.0,Dubai International Cricket Stadium,Dubai,Islamabad United,Lahore Qalandars,Islamabad United,field,Islamabad United,,5.0,,,Faheem Ashraf,20,6,T20,male
1168821,2018/19,2019-02-15,2.0,Dubai International Cricket Stadium,Dubai,Karachi Kings,Multan Sultans,Karachi Kings,bat,Karachi Kings,7.0,,,,LS Livingstone,20,6,T20,male
1168822,2018/19,2019-02-15,3.0,Dubai International Cricket Stadium,Dubai,Peshawar Zalmi,Quetta Gladiators,Quetta Gladiators,field,Quetta Gladiators,,6.0,,,Umar Akmal,20,6,T20,male
1168823,2018/19,2019-02-16,4.0,Dubai International Cricket Stadium,Dubai,Islamabad United,Multan Sultans,Multan Sultans,field,Multan Sultans,,5.0,,,Ali Shafiq,20,6,T20,male
1168824,2018/19,2019-02-16,5.0,Dubai International Cricket Stadium,Dubai,Karachi Kings,Lahore Qalandars,Karachi Kings,field,Lahore Qalandars,22.0,,,,Haris Rauf,20,6,T20,male
1168825,2018/19,2019-02-17,6.0,Dubai International Cricket Stadium,Dubai,Islamabad United,Quetta Gladiators,Quetta Gladiators,field,Quetta Gladiators,,7.0,,,SR Watson,20,6,T20,male
1168826,2018/19,2019-02-17,7.0,Dubai International Cricket Stadium,Dubai,Lahore Qalandars,Peshawar Zalmi,Peshawar Zalmi,field,Peshawar Zalmi,,7.0,,,Hasan Ali,20,6,T20,male
1168827,2018/19,2019-02-20,8.0,Sharjah Cricket Stadium,Sharjah,Multan Sultans,Quetta Gladiators,Quetta Gladiators,field,Quetta Gladiators,,8.0,,,SR Watson,20,6,T20,male
1168828,2018/19,2019-02-21,9.0,Sharjah Cricket Stadium,Sharjah,Karachi Kings,Peshawar Zalmi,Karachi Kings,field,Peshawar Zalmi,44.0,,,,Imam-ul-Haq,20,6,T20,male
1168830,2018/19,2019-02-22,11.0,Sharjah Cricket Stadium,Sharjah,Islamabad United,Peshawar Zalmi,Peshawar Zalmi,field,Islamabad United,12.0,,,,Mohammad Sami,20,6,T20,male
1168829,2018/19,2019-02-22,10.0,Sharjah Cricket Stadium,Sharjah,Lahore Qalandars,Multan Sultans,Lahore Qalandars,field,Lahore Qalandars,,6.0,,,AB de Villiers,20,6,T20,male
1168832,2018/19,2019-02-23,13.0,Sharjah Cricket Stadium,Sharjah,Islamabad United,Karachi Kings,Islamabad United,field,Islamabad United,,7.0,,,L Ronchi,20,6,T20,male
1168831,2018/19,2019-02-23,12.0,Sharjah Cricket Stadium,Sharjah,Lahore Qalandars,Quetta Gladiators,Quetta Gladiators,field,Quetta Gladiators,,3.0,,,Sarfraz Ahmed,20,6,T20,male
1168834,2018/19,2019-02-24,15.0,Sharjah Cricket Stadium,Sharjah,Karachi Kings,Quetta Gladiators,Karachi Kings,field,Karachi Kings,,6.0,,,CA Ingram,20,6,T20,male
1168833,2018/19,2019-02-24,14.0,Sharjah Cricket Stadium,Sharjah,Multan Sultans,Peshawar Zalmi,Peshawar Zalmi,field,Peshawar Zalmi,,5.0,,,Hasan Ali,20,6,T20,male
1168835,2018/19,2019-02-26,16.0,Dubai International Cricket Stadium,Dubai,Islamabad United,Multan Sultans,Multan Sultans,field,Multan Sultans,,6.0,,,DT Christian,20,6,T20,male
1168836,2018/19,2019-02-27,17.0,Dubai International Cricket Stadium,Dubai,Lahore Qalandars,Quetta Gladiators,Lahore Qalandars,field,Lahore Qalandars,,8.0,,,,20,6,T20,male
1168837,2018/19,2019-02-27,18.0,Dubai International Cricket Stadium,Dubai,Islamabad United,Karachi Kings,Islamabad United,field,Islamabad United,,5.0,,,Asif Ali,20,6,T20,male
1168838,2018/19,2019-02-28,19.0,Dubai International Cricket Stadium,Dubai,Multan Sultans,Peshawar Zalmi,Peshawar Zalmi,field,Peshawar Zalmi,,7.0,,,KA Pollard,20,6,T20,male
1168839,2018/19,2019-02-28,20.0,Dubai International Cricket Stadium,Dubai,Karachi Kings,Lahore Qalandars,Karachi Kings,field,Karachi Kings,,5.0,,,Iftikhar Ahmed,20,6,T20,male
1168841,2018/19,2019-03-01,22.0,Dubai International Cricket Stadium,Dubai,Multan Sultans,Quetta Gladiators,Quetta Gladiators,field,Quetta Gladiators,,6.0,,,DJ Bravo,20,6,T20,male
1168840,2018/19,2019-03-01,21.0,Dubai International Cricket Stadium,Dubai,Islamabad United,Peshawar Zalmi,Peshawar Zalmi,field,Peshawar Zalmi,,4.0,,,LA Dawson,20,6,T20,male
1168842,2018/19,2019-03-04,23.0,Sheikh Zayed Stadium,Abu Dhabi,Peshawar Zalmi,Quetta Gladiators,Quetta Gladiators,field,Quetta Gladiators,,8.0,,,SR Watson,20,6,T20,male
1168843,2018/19,2019-03-04,24.0,Sheikh Zayed Stadium,Abu Dhabi,Karachi Kings,Multan Sultans,Karachi Kings,field,Karachi Kings,,5.0,,,Usman Shinwari,20,6,T20,male
1168845,2018/19,2019-03-05,26.0,Sheikh Zayed Stadium,Abu Dhabi,Islamabad United,Quetta Gladiators,Islamabad United,field,Quetta Gladiators,43.0,,,,Ahmed Shehzad,20,6,T20,male
1168844,2018/19,2019-03-05,25.0,Sheikh Zayed Stadium,Abu Dhabi,Lahore Qalandars,Peshawar Zalmi,Peshawar Zalmi,field,Peshawar Zalmi,,4.0,,,Misbah-ul-Haq,20,6,T20,male
1168847,2018/19,2019-03-09,27.0,National Stadium,Karachi,Lahore Qalandars,Islamabad United,Lahore Qalandars,field,Islamabad United,49.0,,,,CS Delport,20,6,T20,male
1168848,2018/19,2019-03-10,28.0,National Stadium,Karachi,Karachi Kings,Quetta Gladiators,Quetta Gladiators,field,Karachi Kings,1.0,,,,Usman Shinwari,20,6,T20,male
1168849,2018/19,2019-03-11,29.0,National Stadium,Karachi,Lahore Qalandars,Multan Sultans,Multan Sultans,field,Multan Sultans,,7.0,,,Mohammad Abbas,20,6,T20,male
1168846,2018/19,2019-03-11,30.0,National Stadium,Karachi,Karachi Kings,Peshawar Zalmi,Karachi Kings,field,Peshawar Zalmi,61.0,,,,Kamran Akmal,20,6,T20,male
1168851,2018/19,2019-03-13,,National Stadium,Karachi,Peshawar Zalmi,Quetta Gladiators,Peshawar Zalmi,field,Quetta Gladiators,10.0,,,,SR Watson,20,6,T20,male
1168850,2018/19,2019-03-14,,National Stadium,Karachi,Islamabad United,Karachi Kings,Karachi Kings,bat,Islamabad United,,4.0,,,AD Hales,20,6,T20,male
1168852,2018/19,2019-03-15,,National Stadium,Karachi,Islamabad United,Peshawar Zalmi,Islamabad United,field,Peshawar Zalmi,48.0,,,,Kamran Akmal,20,6,T20,male
1168853,2018/19,2019-03-17,,National Stadium,Karachi,Quetta Gladiators,Peshawar Zalmi,Quetta Gladiators,field,Quetta Gladiators,,8.0,,,Mohammad Hasnain,20,6,T20,male
1211642,2019/20,2020-02-20,1.0,National Stadium,Karachi,Islamabad United,Quetta Gladiators,Quetta Gladiators,field,Quetta Gladiators,,3.0,,,Mohammad Hasnain,20,6,T20,male
1211643,2019/20,2020-02-21,2.0,National Stadium,Karachi,Karachi Kings,Peshawar Zalmi,Peshawar Zalmi,field,Karachi Kings,10.0,,,,Babar Azam,20,6,T20,male
1211644,2019/20,2020-02-21,3.0,Gaddafi Stadium,Lahore,Lahore Qalandars,Multan Sultans,Multan Sultans,field,Multan Sultans,,5.0,,,Imran Tahir,20,6,T20,male
1211645,2019/20,2020-02-22,4.0,National Stadium,Karachi,Peshawar Zalmi,Quetta Gladiators,Peshawar Zalmi,field,Peshawar Zalmi,,6.0,,,Kamran Akmal,20,6,T20,male
1211646,2019/20,2020-02-22,5.0,Gaddafi Stadium,Lahore,Islamabad United,Multan Sultans,Islamabad United,field,Islamabad United,,8.0,,,L Ronchi,20,6,T20,male
1211647,2019/20,2020-02-23,6.0,National Stadium,Karachi,Karachi Kings,Quetta Gladiators,Karachi Kings,bat,Quetta Gladiators,,5.0,,,Azam Khan,20,6,T20,male
1211648,2019/20,2020-02-23,7.0,Gaddafi Stadium,Lahore,Lahore Qalandars,Islamabad United,Islamabad United,field,Islamabad United,,1.0,,,Shadab Khan,20,6,T20,male
1211649,2019/20,2020-02-26,8.0,Multan Cricket Stadium,Multan,Multan Sultans,Peshawar Zalmi,Multan Sultans,field,Multan Sultans,,6.0,,,Sohail Tanvir,20,6,T20,male
1211650,2019/20,2020-02-27,9.0,Rawalpindi Cricket Stadium,Rawalpindi,Islamabad United,Quetta Gladiators,Quetta Gladiators,field,Quetta Gladiators,,5.0,,,BCJ Cutting,20,6,T20,male
1211652,2019/20,2020-02-28,11.0,Rawalpindi Cricket Stadium,Rawalpindi,Lahore Qalandars,Peshawar Zalmi,Lahore Qalandars,field,Peshawar Zalmi,16.0,,,,L Gregory,20,6,T20,male
1211651,2019/20,2020-02-28,10.0,Multan Cricket Stadium,Multan,Multan Sultans,Karachi Kings,Karachi Kings,field,Multan Sultans,52.0,,,,MM Ali,20,6,T20,male
1211653,2019/20,2020-02-29,12.0,Multan Cricket Stadium,Multan,Multan Sultans,Quetta Gladiators,Multan Sultans,bat,Multan Sultans,30.0,,,,RR Rossouw,20,6,T20,male
1211655,2019/20,2020-03-01,14.0,Rawalpindi Cricket Stadium,Rawalpindi,Islamabad United,Karachi Kings,Karachi Kings,field,Karachi Kings,,5.0,,,AD Hales,20,6,T20,male
1211656,2019/20,2020-03-02,15.0,Rawalpindi Cricket Stadium,Rawalpindi,Karachi Kings,Peshawar Zalmi,Karachi Kings,field,Karachi Kings,,6.0,,,Mohammad Amir,20,6,T20,male
1211657,2019/20,2020-03-03,16.0,Gaddafi Stadium,Lahore,Lahore Qalandars,Quetta Gladiators,Quetta Gladiators,field,Lahore Qalandars,37.0,,,,BR Dunk,20,6,T20,male
1211658,2019/20,2020-03-04,17.0,Gaddafi Stadium,Lahore,Lahore Qalandars,Islamabad United,Lahore Qalandars,field,Islamabad United,71.0,,,,C Munro,20,6,T20,male
1211659,2019/20,2020-03-05,18.0,Rawalpindi Cricket Stadium,Rawalpindi,Peshawar Zalmi,Quetta Gladiators,Quetta Gladiators,field,Peshawar Zalmi,30.0,,,,Shoaib Malik,20,6,T20,male
1211660,2019/20,2020-03-06,19.0,Gaddafi Stadium,Lahore,Karachi Kings,Multan Sultans,Karachi Kings,field,,,,,no result,,20,6,T20,male
1211662,2019/20,2020-03-07,21.0,Gaddafi Stadium,Lahore,Lahore Qalandars,Quetta Gladiators,Lahore Qalandars,field,Lahore Qalandars,,8.0,,,SR Patel,20,6,T20,male
1211661,2019/20,2020-03-07,20.0,Rawalpindi Cricket Stadium,Rawalpindi,Islamabad United,Peshawar Zalmi,Peshawar Zalmi,field,Peshawar Zalmi,7.0,,D/L,,Shadab Khan,20,6,T20,male
1211664,2019/20,2020-03-08,23.0,Gaddafi Stadium,Lahore,Lahore Qalandars,Karachi Kings,Lahore Qalandars,field,Lahore Qalandars,,8.0,,,BR Dunk,20,6,T20,male
1211663,2019/20,2020-03-08,22.0,Rawalpindi Cricket Stadium,Rawalpindi,Islamabad United,Multan Sultans,Multan Sultans,field,Multan Sultans,,9.0,,,JM Vince,20,6,T20,male
1211665,2019/20,2020-03-10,24.0,Gaddafi Stadium,Lahore,Lahore Qalandars,Peshawar Zalmi,Lahore Qalandars,field,Lahore Qalandars,,5.0,,,Fakhar Zaman,20,6,T20,male
1211667,2019/20,2020-03-12,26.0,National Stadium,Karachi,Karachi Kings,Lahore Qalandars,Karachi Kings,field,Karachi Kings,,10.0,,,Sharjeel Khan,20,6,T20,male
1211668,2019/20,2020-03-13,27.0,National Stadium,Karachi,Multan Sultans,Peshawar Zalmi,Peshawar Zalmi,field,Multan Sultans,3.0,,,,Zeeshan Ashraf,20,6,T20,male
1211669,2019/20,2020-03-14,28.0,National Stadium,Karachi,Karachi Kings,Islamabad United,Karachi Kings,field,Karachi Kings,,4.0,,,Sharjeel Khan,20,6,T20,male
1211670,2019/20,2020-03-15,29.0,Gaddafi Stadium,Lahore,Lahore Qalandars,Multan Sultans,Lahore Qalandars,field,Lahore Qalandars,,9.0,,,CA Lynn,20,6,T20,male
1211671,2019/20,2020-03-15,30.0,National Stadium,Karachi,Karachi Kings,Quetta Gladiators,Karachi Kings,bat,Quetta Gladiators,,5.0,,,SR Watson,20,6,T20,male
1211672,2020/21,2020-11-14,,"National Stadium, Karachi",Karachi,Multan Sultans,Karachi Kings,Karachi Kings,field,,,,,tie,Babar Azam,20,6,T20,male
1211673,2020/21,2020-11-14,,National Stadium,Karachi,Peshawar Zalmi,Lahore Qalandars,Lahore Qalandars,field,Lahore Qalandars,,5.0,,,Mohammad Hafeez,20,6,T20,male
1211675,2020/21,2020-11-15,,National Stadium,Karachi,Lahore Qalandars,Multan Sultans,Multan Sultans,field,Lahore Qalandars,25.0,,,,D Wiese,20,6,T20,male
1231146,2020/21,2020-11-17,,National Stadium,Karachi,Lahore Qalandars,Karachi Kings,Lahore Qalandars,bat,Karachi Kings,,5.0,,,Babar Azam,20,6,T20,male
1247011,2020/21,2021-02-20,1.0,National Stadium,Karachi,Quetta Gladiators,Karachi Kings,Karachi Kings,field,Karachi Kings,,7.0,,,Arshad Iqbal,20,6,T20,male
1247013,2020/21,2021-02-21,3.0,National Stadium,Karachi,Multan Sultans,Islamabad United,Islamabad United,field,Islamabad United,,3.0,,,L Gregory,20,6,T20,male
1247012,2020/21,2021-02-21,2.0,National Stadium,Karachi,Peshawar Zalmi,Lahore Qalandars,Lahore Qalandars,field,Lahore Qalandars,,4.0,,,Shaheen Shah Afridi,20,6,T20,male
1247014,2020/21,2021-02-22,4.0,National Stadium,Karachi,Quetta Gladiators,Lahore Qalandars,Lahore Qalandars,field,Lahore Qalandars,,9.0,,,Fakhar Zaman,20,6,T20,male
1247015,2020/21,2021-02-23,5.0,National Stadium,Karachi,Multan Sultans,Peshawar Zalmi,Peshawar Zalmi,field,Peshawar Zalmi,,6.0,,,T Kohler-Cadmore,20,6,T20,male
1247016,2020/21,2021-02-24,6.0,National Stadium,Karachi,Karachi Kings,Islamabad United,Islamabad United,field,Islamabad United,,5.0,,,AD Hales,20,6,T20,male
1247017,2020/21,2021-02-26,7.0,National Stadium,Karachi,Lahore Qalandars,Multan Sultans,Multan Sultans,field,Multan Sultans,,7.0,,,Mohammad Rizwan,20,6,T20,male
1247018,2020/21,2021-02-26,8.0,National Stadium,Karachi,Quetta Gladiators,Peshawar Zalmi,Peshawar Zalmi,field,Peshawar Zalmi,,3.0,,,Haider Ali,20,6,T20,male
1247019,2020/21,2021-02-27,9.0,National Stadium,Karachi,Multan Sultans,Karachi Kings,Karachi Kings,field,Karachi Kings,,7.0,,,Babar Azam,20,6,T20,male
1247020,2020/21,2021-02-27,10.0,National Stadium,Karachi,Islamabad United,Peshawar Zalmi,Peshawar Zalmi,field,Peshawar Zalmi,,6.0,,,Wahab Riaz,20,6,T20,male
1247021,2020/21,2021-02-28,11.0,National Stadium,Karachi,Karachi Kings,Lahore Qalandars,Lahore Qalandars,field,Lahore Qalandars,,6.0,,,Shaheen Shah Afridi,20,6,T20,male
1247022,2020/21,2021-03-02,12.0,National Stadium,Karachi,Quetta Gladiators,Islamabad United,Islamabad United,field,Islamabad United,,6.0,,,Faheem Ashraf,20,6,T20,male
1247023,2020/21,2021-03-03,13.0,National Stadium,Karachi,Peshawar Zalmi,Karachi Kings,Karachi Kings,field,Karachi Kings,,6.0,,,Mohammad Nabi,20,6,T20,male
1247024,2020/21,2021-03-03,14.0,National Stadium,Karachi,Quetta Gladiators,Multan Sultans,Multan Sultans,field,Quetta Gladiators,22.0,,,,Qais Ahmad,20,6,T20,male
1247027,2021,2021-06-09,15.0,"Sheikh Zayed Stadium, Abu Dhabi",Abu Dhabi,Islamabad United,Lahore Qalandars,Lahore Qalandars,field,Lahore Qalandars,,5.0,,,Rashid Khan,20,6,T20,male
1247025,2021,2021-06-10,16.0,"Sheikh Zayed Stadium, Abu Dhabi",Abu Dhabi,Multan Sultans,Karachi Kings,Karachi Kings,field,Multan Sultans,12.0,,,,RR Rossouw,20,6,T20,male
1247026,2021,2021-06-10,17.0,"Sheikh Zayed Stadium, Abu Dhabi",Abu Dhabi,Lahore Qalandars,Peshawar Zalmi,Peshawar Zalmi,field,Lahore Qalandars,10.0,,,,Rashid Khan,20,6,T20,male
1247028,2021,2021-06-11,18.0,"Sheikh Zayed Stadium, Abu Dhabi",Abu Dhabi,Quetta Gladiators,Islamabad United,Islamabad United,field,Islamabad United,,10.0,,,C Munro,20,6,T20,male
1247030,2021,2021-06-12,19.0,"Sheikh Zayed Stadium, Abu Dhabi",Abu Dhabi,Peshawar Zalmi,Quetta Gladiators,Quetta Gladiators,field,Peshawar Zalmi,61.0,,,,DA Miller,20,6,T20,male
1247029,2021,2021-06-13,20.0,"Sheikh Zayed Stadium, Abu Dhabi",Abu Dhabi,Islamabad United,Lahore Qalandars,Islamabad United,bat,Islamabad United,28.0,,,,Asif Ali,20,6,T20,male
1247031,2021,2021-06-13,21.0,"Sheikh Zayed Stadium, Abu Dhabi",Abu Dhabi,Peshawar Zalmi,Multan Sultans,Multan Sultans,field,Multan Sultans,,8.0,,,Shahnawaz Dhani,20,6,T20,male
1247032,2021,2021-06-14,22.0,"Sheikh Zayed Stadium, Abu Dhabi",Abu Dhabi,Karachi Kings,Islamabad United,Islamabad United,field,Islamabad United,,8.0,,,Iftikhar Ahmed,20,6,T20,male
1247033,2021,2021-06-15,23.0,"Sheikh Zayed Stadium, Abu Dhabi",Abu Dhabi,Quetta Gladiators,Lahore Qalandars,Lahore Qalandars,field,Quetta Gladiators,18.0,,,,Usman Shinwari,20,6,T20,male
1247034,2021,2021-06-15,24.0,"Sheikh Zayed Stadium, Abu Dhabi",Abu Dhabi,Karachi Kings,Peshawar Zalmi,Peshawar Zalmi,field,Peshawar Zalmi,,6.0,,,Hazratullah,20,6,T20,male
1247035,2021,2021-06-16,25.0,"Sheikh Zayed Stadium, Abu Dhabi",Abu Dhabi,Multan Sultans,Quetta Gladiators,Quetta Gladiators,field,Multan Sultans,110.0,,,,Shan Masood,20,6,T20,male
1247037,2021,2021-06-17,27.0,"Sheikh Zayed Stadium, Abu Dhabi",Abu Dhabi,Karachi Kings,Lahore Qalandars,Karachi Kings,bat,Karachi Kings,7.0,,,,Noor Ahmad,20,6,T20,male
1247036,2021,2021-06-17,26.0,"Sheikh Zayed Stadium, Abu Dhabi",Abu Dhabi,Islamabad United,Peshawar Zalmi,Peshawar Zalmi,field,Islamabad United,15.0,,,,UT Khawaja,20,6,T20,male
1247038,2021,2021-06-18,28.0,"Sheikh Zayed Stadium, Abu Dhabi",Abu Dhabi,Multan Sultans,Lahore Qalandars,Lahore Qalandars,field,Multan Sultans,80.0,,,,Shahnawaz Dhani,20,6,T20,male
1247039,2021,2021-06-19,29.0,"Sheikh Zayed Stadium, Abu Dhabi",Abu Dhabi,Karachi Kings,Quetta Gladiators,Karachi Kings,bat,Karachi Kings,14.0,,,,Danish Aziz,20,6,T20,male
1247040,2021,2021-06-19,30.0,"Sheikh Zayed Stadium, Abu Dhabi",Abu Dhabi,Multan Sultans,Islamabad United,Islamabad United,field,Islamabad United,,4.0,,,Mohammad Wasim,20,6,T20,male
1247041,2021,2021-06-21,,"Sheikh Zayed Stadium, Abu Dhabi",Abu Dhabi,Multan Sultans,Islamabad United,Multan Sultans,bat,Multan Sultans,31.0,,,,Sohail Tanvir,20,6,T20,male
1247042,2021,2021-06-21,,"Sheikh Zayed Stadium, Abu Dhabi",Abu Dhabi,Karachi Kings,Peshawar Zalmi,Peshawar Zalmi,field,Peshawar Zalmi,,5.0,,,Hazratullah,20,6,T20,male
1247043,2021,2021-06-22,,"Sheikh Zayed Stadium, Abu Dhabi",Abu Dhabi,Islamabad United,Peshawar Zalmi,Peshawar Zalmi,field,Peshawar Zalmi,,8.0,,,Hazratullah,20,6,T20,male
1247044,2021,2021-06-24,,"Sheikh Zayed Stadium, Abu Dhabi",Abu Dhabi,Multan Sultans,Peshawar Zalmi,Peshawar Zalmi,field,Multan Sultans,47.0,,,,Sohaib Maqsood,20,6,T20,male
1293000,2021/22,2022-01-27,1.0,"National Stadium, Karachi",Karachi,Karachi Kings,Multan Sultans,Multan Sultans,field,Multan Sultans,,7.0,,,Imran Tahir,20,6,T20,male
1293001,2021/22,2022-01-28,2.0,"National Stadium, Karachi",Karachi,Quetta Gladiators,Peshawar Zalmi,Peshawar Zalmi,field,Peshawar Zalmi,,5.0,,,WCF Smeed,20,6,T20,male
1293002,2021/22,2022-01-29,3.0,"National Stadium, Karachi",Karachi,Lahore Qalandars,Multan Sultans,Multan Sultans,field,Multan Sultans,,5.0,,,Shan Masood,20,6,T20,male
1293003,2021/22,2022-01-29,4.0,"National Stadium, Karachi",Karachi,Karachi Kings,Quetta Gladiators,Quetta Gladiators,field,Quetta Gladiators,,8.0,,,Naseem Shah,20,6,T20,male
1293004,2021/22,2022-01-30,5.0,"National Stadium, Karachi",Karachi,Peshawar Zalmi,Islamabad United,Islamabad United,field,Islamabad United,,9.0,,,PR Stirling,20,6,T20,male
1293005,2021/22,2022-01-30,6.0,"National Stadium, Karachi",Karachi,Karachi Kings,Lahore Qalandars,Lahore Qalandars,field,Lahore Qalandars,,6.0,,,Fakhar Zaman,20,6,T20,male
1293006,2021/22,2022-01-31,7.0,"National Stadium, Karachi",Karachi,Multan Sultans,Quetta Gladiators,Quetta Gladiators,field,Multan Sultans,6.0,,,,Shan Masood,20,6,T20,male
1293007,2021/22,2022-02-01,8.0,"National Stadium, Karachi",Karachi,Multan Sultans,Islamabad United,Islamabad United,field,Multan Sultans,20.0,,,,TH David,20,6,T20,male
1293008,2021/22,2022-02-02,9.0,"National Stadium, Karachi",Karachi,Lahore Qalandars,Peshawar Zalmi,Peshawar Zalmi,field,Lahore Qalandars,29.0,,,,Zaman Khan,20,6,T20,male
1293009,2021/22,2022-02-03,10.0,"National Stadium, Karachi",Karachi,Islamabad United,Quetta Gladiators,Quetta Gladiators,field,Islamabad United,43.0,,,,C Munro,20,6,T20,male
1293010,2021/22,2022-02-04,11.0,"National Stadium, Karachi",Karachi,Peshawar Zalmi,Karachi Kings,Karachi Kings,field,Peshawar Zalmi,9.0,,,,Shoaib Malik,20,6,T20,male
1293011,2021/22,2022-02-05,12.0,"National Stadium, Karachi",Karachi,Lahore Qalandars,Islamabad United,Islamabad United,field,Lahore Qalandars,8.0,,,,Zaman Khan,20,6,T20,male
1293012,2021/22,2022-02-05,13.0,"National Stadium, Karachi",Karachi,Multan Sultans,Peshawar Zalmi,Peshawar Zalmi,field,Multan Sultans,57.0,,,,Mohammad Rizwan,20,6,T20,male
1293013,2021/22,2022-02-06,14.0,"National Stadium, Karachi",Karachi,Islamabad United,Karachi Kings,Islamabad United,bat,Islamabad United,42.0,,,,Shadab Khan,20,6,T20,male
1293014,2021/22,2022-02-07,15.0,"National Stadium, Karachi",Karachi,Lahore Qalandars,Quetta Gladiators,Quetta Gladiators,field,Quetta Gladiators,,7.0,,,JJ Roy,20,6,T20,male
1293015,2021/22,2022-02-10,16.0,"Gaddafi Stadium, Lahore",Lahore,Multan Sultans,Peshawar Zalmi,Peshawar Zalmi,field,Multan Sultans,42.0,,,,Shan Masood,20,6,T20,male
1293016,2021/22,2022-02-11,17.0,"Gaddafi Stadium, Lahore",Lahore,Lahore Qalandars,Multan Sultans,Multan Sultans,field,Lahore Qalandars,52.0,,,,Fakhar Zaman,20,6,T20,male
1293017,2021/22,2022-02-12,18.0,"Gaddafi Stadium, Lahore",Lahore,Islamabad United,Quetta Gladiators,Quetta Gladiators,field,Quetta Gladiators,,5.0,,,Sarfraz Ahmed,20,6,T20,male
1293018,2021/22,2022-02-13,19.0,"Gaddafi Stadium, Lahore",Lahore,Peshawar Zalmi,Karachi Kings,Karachi Kings,field,Peshawar Zalmi,55.0,,,,Mohammad Haris,20,6,T20,male
1293019,2021/22,2022-02-13,20.0,"Gaddafi Stadium, Lahore",Lahore,Quetta Gladiators,Lahore Qalandars,Lahore Qalandars,field,Lahore Qalandars,,8.0,,,Shaheen Shah Afridi,20,6,T20,male
1293020,2021/22,2022-02-14,21.0,"Gaddafi Stadium, Lahore",Lahore,Islamabad United,Karachi Kings,Karachi Kings,field,Islamabad United,1.0,,,,Asif Ali,20,6,T20,male
1293021,2021/22,2022-02-15,22.0,"Gaddafi Stadium, Lahore",Lahore,Peshawar Zalmi,Quetta Gladiators,Peshawar Zalmi,bat,Peshawar Zalmi,24.0,,,,Hussain Talat,20,6,T20,male
1293022,2021/22,2022-02-16,23.0,"Gaddafi Stadium, Lahore",Lahore,Karachi Kings,Multan Sultans,Karachi Kings,bat,Multan Sultans,,7.0,,,Mohammad Rizwan,20,6,T20,male
1293023,2021/22,2022-02-17,24.0,"Gaddafi Stadium, Lahore",Lahore,Peshawar Zalmi,Islamabad United,Peshawar Zalmi,bat,Peshawar Zalmi,10.0,,,,Mohammad Haris,20,6,T20,male
1293024,2021/22,2022-02-18,25.0,"Gaddafi Stadium, Lahore",Lahore,Multan Sultans,Quetta Gladiators,Multan Sultans,bat,Multan Sultans,117.0,,,,RR Rossouw,20,6,T20,male
1293025,2021/22,2022-02-18,26.0,"Gaddafi Stadium, Lahore",Lahore,Karachi Kings,Lahore Qalandars,Karachi Kings,bat,Karachi Kings,22.0,,,,Mir Hamza,20,6,T20,male
1293026,2021/22,2022-02-19,27.0,"Gaddafi Stadium, Lahore",Lahore,Lahore Qalandars,Islamabad United,Lahore Qalandars,bat,Lahore Qalandars,66.0,,,,HC Brook,20,6,T20,male
1293027,2021/22,2022-02-20,28.0,"Gaddafi Stadium, Lahore",Lahore,Quetta Gladiators,Karachi Kings,Quetta Gladiators,bat,Quetta Gladiators,23.0,,,,Khurram Shahzad,20,6,T20,male
1293028,2021/22,2022-02-20,29.0,"Gaddafi Stadium, Lahore",Lahore,Islamabad United,Multan Sultans,Islamabad United,bat,Multan Sultans,,6.0,,,Imran Tahir,20,6,T20,male
1293029,2021/22,2022-02-21,30.0,"Gaddafi Stadium, Lahore",Lahore,Peshawar Zalmi,Lahore Qalandars,Peshawar Zalmi,bat,,,,,tie,Wahab Riaz,20,6,T20,male
1293030,2021/22,2022-02-23,,"Gaddafi Stadium, Lahore",Lahore,Multan Sultans,Lahore Qalandars,Lahore Qalandars,field,Multan Sultans,28.0,,,,Shahnawaz Dhani,20,6,T20,male
1293031,2021/22,2022-02-24,,"Gaddafi Stadium, Lahore",Lahore,Peshawar Zalmi,Islamabad United,Peshawar Zalmi,bat,Islamabad United,,5.0,,,Faheem Ashraf,20,6,T20,male
1293032,2021/22,2022-02-25,,"Gaddafi Stadium, Lahore",Lahore,Lahore Qalandars,Islamabad United,Lahore Qalandars,bat,Lahore Qalandars,6.0,,,,D Wiese,20,6,T20,male
1293033,2021/22,2022-02-27,,"Gaddafi Stadium, Lahore",Lahore,Lahore Qalandars,Multan Sultans,Lahore Qalandars,bat,Lahore Qalandars,42.0,,,,Mohammad Hafeez,20,6,T20,male
1354924,2022/23,2023-02-13,1.0,Multan Cricket Stadium,Multan,Lahore Qalandars,Multan Sultans,Multan Sultans,field,Lahore Qalandars,1.0,,,,Fakhar Zaman,20,6,T20,male
1354925,2022/23,2023-02-14,2.0,"National Stadium, Karachi",Karachi,Peshawar Zalmi,Karachi Kings,Karachi Kings,field,Peshawar Zalmi,2.0,,,,T Kohler-Cadmore,20,6,T20,male
1354926,2022/23,2023-02-15,3.0,Multan Cricket Stadium,Multan,Quetta Gladiators,Multan Sultans,Multan Sultans,field,Multan Sultans,,9.0,,,Ihsanullah,20,6,T20,male
1354927,2022/23,2023-02-16,4.0,"National Stadium, Karachi",Karachi,Karachi Kings,Islamabad United,Islamabad United,field,Islamabad United,,4.0,,,C Munro,20,6,T20,male
1354928,2022/23,2023-02-17,5.0,Multan Cricket Stadium,Multan,Multan Sultans,Peshawar Zalmi,Peshawar Zalmi,field,Multan Sultans,56.0,,,,RR Rossouw,20,6,T20,male
1354929,2022/23,2023-02-18,6.0,"National Stadium, Karachi",Karachi,Quetta Gladiators,Karachi Kings,Karachi Kings,field,Quetta Gladiators,6.0,,,,MJ Guptill,20,6,T20,male
1354930,2022/23,2023-02-19,7.0,Multan Cricket Stadium,Multan,Multan Sultans,Islamabad United,Islamabad United,field,Multan Sultans,52.0,,,,Abbas Afridi,20,6,T20,male
1354931,2022/23,2023-02-19,8.0,"National Stadium, Karachi",Karachi,Karachi Kings,Lahore Qalandars,Lahore Qalandars,field,Karachi Kings,67.0,,,,Imad Wasim,20,6,T20,male
1354932,2022/23,2023-02-20,9.0,"National Stadium, Karachi",Karachi,Quetta Gladiators,Peshawar Zalmi,Peshawar Zalmi,field,Peshawar Zalmi,,4.0,,,JDS Neesham,20,6,T20,male
1354933,2022/23,2023-02-21,10.0,"National Stadium, Karachi",Karachi,Lahore Qalandars,Quetta Gladiators,Quetta Gladiators,field,Lahore Qalandars,63.0,,,,Shaheen Shah Afridi,20,6,T20,male
1354934,2022/23,2023-02-22,11.0,Multan Cricket Stadium,Multan,Multan Sultans,Karachi Kings,Karachi Kings,field,Multan Sultans,3.0,,,,Mohammad Rizwan,20,6,T20,male
1354935,2022/23,2023-02-23,12.0,"National Stadium, Karachi",Karachi,Peshawar Zalmi,Islamabad United,Islamabad United,field,Islamabad United,,6.0,,,Hasan Ali,20,6,T20,male
1354936,2022/23,2023-02-24,13.0,"National Stadium, Karachi",Karachi,Islamabad United,Quetta Gladiators,Islamabad United,bat,Islamabad United,63.0,,,,Azam Khan,20,6,T20,male
1354937,2022/23,2023-02-26,14.0,"National Stadium, Karachi",Karachi,Karachi Kings,Multan Sultans,Multan Sultans,field,Karachi Kings,66.0,,,,T Shamsi,20,6,T20,male
1354938,2022/23,2023-02-26,15.0,"Gaddafi Stadium, Lahore",Lahore,Lahore Qalandars,Peshawar Zalmi,Lahore Qalandars,bat,Lahore Qalandars,40.0,,,,Fakhar Zaman,20,6,T20,male
1354939,2022/23,2023-02-27,16.0,"Gaddafi Stadium, Lahore",Lahore,Lahore Qalandars,Islamabad United,Lahore Qalandars,bat,Lahore Qalandars,110.0,,,,D Wiese,20,6,T20,male
1354940,2022/23,2023-03-01,17.0,Rawalpindi Cricket Stadium,Rawalpindi,Peshawar Zalmi,Karachi Kings,Karachi Kings,field,Peshawar Zalmi,24.0,,,,R Powell,20,6,T20,male
1354941,2022/23,2023-03-02,18.0,"Gaddafi Stadium, Lahore",Lahore,Lahore Qalandars,Quetta Gladiators,Quetta Gladiators,field,Lahore Qalandars,17.0,,,,Sikandar Raza,20,6,T20,male
1354942,2022/23,2023-03-03,19.0,Rawalpindi Cricket Stadium,Rawalpindi,Karachi Kings,Islamabad United,Karachi Kings,bat,Islamabad United,,6.0,,,Azam Khan,20,6,T20,male
1354943,2022/23,2023-03-04,20.0,"Gaddafi Stadium, Lahore",Lahore,Lahore Qalandars,Multan Sultans,Lahore Qalandars,bat,Lahore Qalandars,21.0,,,,Rashid Khan,20,6,T20,male
1354944,2022/23,2023-03-05,21.0,Rawalpindi Cricket Stadium,Rawalpindi,Quetta Gladiators,Islamabad United,Islamabad United,field,Islamabad United,,2.0,,,Fazalhaq Farooqi,20,6,T20,male
1354945,2022/23,2023-03-06,22.0,Rawalpindi Cricket Stadium,Rawalpindi,Karachi Kings,Quetta Gladiators,Quetta Gladiators,field,Quetta Gladiators,,4.0,,,MJ Guptill,20,6,T20,male
1354947,2022/23,2023-03-07,24.0,Rawalpindi Cricket Stadium,Rawalpindi,Multan Sultans,Islamabad United,Islamabad United,field,Islamabad United,,2.0,,,Faheem Ashraf,20,6,T20,male
1354946,2022/23,2023-03-07,23.0,Rawalpindi Cricket Stadium,Rawalpindi,Peshawar Zalmi,Lahore Qalandars,Peshawar Zalmi,bat,Peshawar Zalmi,35.0,,,,Saim Ayub,20,6,T20,male
1354948,2022/23,2023-03-08,25.0,Rawalpindi Cricket Stadium,Rawalpindi,Peshawar Zalmi,Quetta Gladiators,Peshawar Zalmi,bat,Quetta Gladiators,,8.0,,,JJ Roy,20,6,T20,male
1354949,2022/23,2023-03-09,26.0,Rawalpindi Cricket Stadium,Rawalpindi,Lahore Qalandars,Islamabad United,Lahore Qalandars,bat,Lahore Qalandars,119.0,,,,Fakhar Zaman,20,6,T20,male
1354950,2022/23,2023-03-10,27.0,Rawalpindi Cricket Stadium,Rawalpindi,Peshawar Zalmi,Multan Sultans,Peshawar Zalmi,bat,Multan Sultans,,4.0,,,RR Rossouw,20,6,T20,male
1354951,2022/23,2023-03-11,28.0,Rawalpindi Cricket Stadium,Rawalpindi,Multan Sultans,Quetta Gladiators,Quetta Gladiators,field,Multan Sultans,9.0,,,,Abbas Afridi,20,6,T20,male
1354952,2022/23,2023-03-12,29.0,Rawalpindi Cricket Stadium,Rawalpindi,Peshawar Zalmi,Islamabad United,Islamabad United,field,Peshawar Zalmi,13.0,,,,Mohammad Haris,20,6,T20,male
1354953,2022/23,2023-03-12,30.0,"Gaddafi Stadium, Lahore",Lahore,Karachi Kings,Lahore Qalandars,Karachi Kings,bat,Karachi Kings,86.0,,,,Muhammad Akhlaq,20,6,T20,male
1354954,2022/23,2023-03-15,,"Gaddafi Stadium, Lahore",Lahore,Multan Sultans,Lahore Qalandars,Multan Sultans,bat,Multan Sultans,84.0,,,,KA Pollard,20,6,T20,male
1354955,2022/23,2023-03-16,,"Gaddafi Stadium, Lahore",Lahore,Peshawar Zalmi,Islamabad United,Islamabad United,field,Peshawar Zalmi,12.0,,,,Aamer Jamal,20,6,T20,male
1354956,2022/23,2023-03-17,,"Gaddafi Stadium, Lahore",Lahore,Peshawar Zalmi,Lahore Qalandars,Peshawar Zalmi,bat,Lahore Qalandars,,4.0,,,Mirza Baig,20,6,T20,male
1354957,2022/23,2023-03-18,,"Gaddafi Stadium, Lahore",Lahore,Lahore Qalandars,Multan Sultans,Lahore Qalandars,bat,Lahore Qalandars,1.0,,,,Shaheen Shah Afridi,20,6,T20,male
1416472,2023/24,2024-02-17,1.0,"Gaddafi Stadium, Lahore",Lahore,Lahore Qalandars,Islamabad United,Islamabad United,field,Islamabad United,,8.0,,,Shadab Khan,20,6,T20,male
1416473,2023/24,2024-02-18,2.0,"Gaddafi Stadium, Lahore",Lahore,Quetta Gladiators,Peshawar Zalmi,Peshawar Zalmi,field,Quetta Gladiators,16.0,,,,Saud Shakeel,20,6,T20,male
1416474,2023/24,2024-02-18,3.0,Multan Cricket Stadium,Multan,Multan Sultans,Karachi Kings,Karachi Kings,field,Multan Sultans,55.0,,,,RR Hendricks,20,6,T20,male
1416475,2023/24,2024-02-19,4.0,"Gaddafi Stadium, Lahore",Lahore,Lahore Qalandars,Quetta Gladiators,Lahore Qalandars,bat,Quetta Gladiators,,5.0,,,Khawaja Nafay,20,6,T20,male
1416476,2023/24,2024-02-20,5.0,Multan Cricket Stadium,Multan,Islamabad United,Multan Sultans,Multan Sultans,field,Multan Sultans,,5.0,,,Mohammad Ali,20,6,T20,male
1416477,2023/24,2024-02-21,6.0,"Gaddafi Stadium, Lahore",Lahore,Peshawar Zalmi,Karachi Kings,Karachi Kings,field,Karachi Kings,,7.0,,,Mir Hamza,20,6,T20,male
1416478,2023/24,2024-02-21,7.0,Multan Cricket Stadium,Multan,Lahore Qalandars,Multan Sultans,Lahore Qalandars,bat,Multan Sultans,,5.0,,,Mohammad Rizwan,20,6,T20,male
1416479,2023/24,2024-02-22,8.0,"Gaddafi Stadium, Lahore",Lahore,Islamabad United,Quetta Gladiators,Quetta Gladiators,field,Quetta Gladiators,,3.0,,,RR Rossouw,20,6,T20,male
1416480,2023/24,2024-02-23,9.0,Multan Cricket Stadium,Multan,Peshawar Zalmi,Multan Sultans,Peshawar Zalmi,bat,Peshawar Zalmi,5.0,,,,L Wood,20,6,T20,male
1416481,2023/24,2024-02-24,10.0,"Gaddafi Stadium, Lahore",Lahore,Lahore Qalandars,Karachi Kings,Karachi Kings,field,Karachi Kings,,2.0,,,KA Pollard,20,6,T20,male
1416483,2023/24,2024-02-25,12.0,"Gaddafi Stadium, Lahore",Lahore,Peshawar Zalmi,Lahore Qalandars,Lahore Qalandars,field,Peshawar Zalmi,8.0,,,,Saim Ayub,20,6,T20,male
1416482,2023/24,2024-02-25,11.0,Multan Cricket Stadium,Multan,Multan Sultans,Quetta Gladiators,Quetta Gladiators,field,Multan Sultans,13.0,,,,Mohammad Ali,20,6,T20,male
1416484,2023/24,2024-02-26,13.0,"Gaddafi Stadium, Lahore",Lahore,Peshawar Zalmi,Islamabad United,Islamabad United,field,Peshawar Zalmi,8.0,,,,Babar Azam,20,6,T20,male
1416485,2023/24,2024-02-27,14.0,"Gaddafi Stadium, Lahore",Lahore,Multan Sultans,Lahore Qalandars,Multan Sultans,bat,Multan Sultans,60.0,,,,Usman Khan,20,6,T20,male
1416486,2023/24,2024-02-28,15.0,"National Stadium, Karachi",Karachi,Karachi Kings,Islamabad United,Islamabad United,field,Islamabad United,,7.0,,,,20,6,T20,male
1416487,2023/24,2024-02-29,16.0,"National Stadium, Karachi",Karachi,Karachi Kings,Quetta Gladiators,Quetta Gladiators,field,Quetta Gladiators,,5.0,,,SE Rutherford,20,6,T20,male
1416490,2023/24,2024-03-03,19.0,"National Stadium, Karachi",Karachi,Multan Sultans,Karachi Kings,Multan Sultans,bat,Multan Sultans,20.0,,,,Usman Khan,20,6,T20,male
1416491,2023/24,2024-03-04,20.0,Rawalpindi Cricket Stadium,Rawalpindi,Islamabad United,Peshawar Zalmi,Peshawar Zalmi,field,Islamabad United,29.0,,,,Shadab Khan,20,6,T20,male
1416492,2023/24,2024-03-05,21.0,Rawalpindi Cricket Stadium,Rawalpindi,Peshawar Zalmi,Multan Sultans,Peshawar Zalmi,bat,Peshawar Zalmi,4.0,,,,Babar Azam,20,6,T20,male
1416493,2023/24,2024-03-06,22.0,Rawalpindi Cricket Stadium,Rawalpindi,Quetta Gladiators,Karachi Kings,Karachi Kings,field,Karachi Kings,,7.0,,,Hasan Ali,20,6,T20,male
1416494,2023/24,2024-03-06,23.0,Rawalpindi Cricket Stadium,Rawalpindi,Lahore Qalandars,Islamabad United,Islamabad United,field,Lahore Qalandars,17.0,,,,HE van der Dussen,20,6,T20,male
1416495,2023/24,2024-03-07,24.0,Rawalpindi Cricket Stadium,Rawalpindi,Karachi Kings,Islamabad United,Islamabad United,field,Islamabad United,,5.0,,,Faheem Ashraf,20,6,T20,male
1416496,2023/24,2024-03-08,25.0,Rawalpindi Cricket Stadium,Rawalpindi,Peshawar Zalmi,Quetta Gladiators,Quetta Gladiators,field,Peshawar Zalmi,76.0,,,,Saim Ayub,20,6,T20,male
1416497,2023/24,2024-03-09,26.0,"National Stadium, Karachi",Karachi,Lahore Qalandars,Karachi Kings,Karachi Kings,field,Karachi Kings,,3.0,,,Irfan Khan,20,6,T20,male
1416498,2023/24,2024-03-10,27.0,Rawalpindi Cricket Stadium,Rawalpindi,Multan Sultans,Islamabad United,Islamabad United,field,Islamabad United,,3.0,,,C Munro,20,6,T20,male
1416499,2023/24,2024-03-10,28.0,"National Stadium, Karachi",Karachi,Lahore Qalandars,Quetta Gladiators,Lahore Qalandars,bat,Quetta Gladiators,,6.0,,,Saud Shakeel,20,6,T20,male
1416500,2023/24,2024-03-11,29.0,"National Stadium, Karachi",Karachi,Peshawar Zalmi,Karachi Kings,Peshawar Zalmi,bat,Peshawar Zalmi,2.0,,,,Babar Azam,20,6,T20,male
1416501,2023/24,2024-03-12,30.0,"National Stadium, Karachi",Karachi,Multan Sultans,Quetta Gladiators,Quetta Gladiators,field,Multan Sultans,79.0,,,,Mohammad Rizwan,20,6,T20,male
1416502,2023/24,2024-03-14,,"National Stadium, Karachi",Karachi,Peshawar Zalmi,Multan Sultans,Peshawar Zalmi,bat,Multan Sultans,,7.0,,,Usama Mir,20,6,T20,male
1416503,2023/24,2024-03-15,,"National Stadium, Karachi",Karachi,Islamabad United,Quetta Gladiators,Islamabad United,bat,Islamabad United,39.0,,,,Imad Wasim,20,6,T20,male
1416504,2023/24,2024-03-16,,"National Stadium, Karachi",Karachi,Peshawar Zalmi,Islamabad United,Islamabad United,field,Islamabad United,,5.0,,,Imad Wasim,20,6,T20,male
1416505,2023/24,2024-03-18,,"National Stadium, Karachi",Karachi,Multan Sultans,Islamabad United,Multan Sultans,bat,Islamabad United,,2.0,,,Imad Wasim,20,6,T20,male
1475238,2025,2025-04-11,1.0,Rawalpindi Cricket Stadium,Rawalpindi,Lahore Qalandars,Islamabad United,Islamabad United,field,Islamabad United,,8.0,,,JO Holder,20,6,T20,male
1475239,2025,2025-04-12,2.0,Rawalpindi Cricket Stadium,Rawalpindi,Quetta Gladiators,Peshawar Zalmi,Peshawar Zalmi,field,Quetta Gladiators,80.0,,,,Abrar Ahmed,20,6,T20,male
1475240,2025,2025-04-12,3.0,"National Stadium, Karachi",Karachi,Multan Sultans,Karachi Kings,Karachi Kings,field,Karachi Kings,,4.0,,,JM Vince,20,6,T20,male
1475241,2025,2025-04-13,4.0,Rawalpindi Cricket Stadium,Rawalpindi,Lahore Qalandars,Quetta Gladiators,Quetta Gladiators,field,Lahore Qalandars,79.0,,,,Fakhar Zaman,20,6,T20,male
1475242,2025,2025-04-14,5.0,Rawalpindi Cricket Stadium,Rawalpindi,Islamabad United,Peshawar Zalmi,Islamabad United,bat,Islamabad United,102.0,,,,Sahibzada Farhan,20,6,T20,male
1475243,2025,2025-04-15,6.0,"National Stadium, Karachi",Karachi,Lahore Qalandars,Karachi Kings,Lahore Qalandars,bat,Lahore Qalandars,65.0,,,,Fakhar Zaman,20,6,T20,male
1475244,2025,2025-04-16,7.0,Rawalpindi Cricket Stadium,Rawalpindi,Islamabad United,Multan Sultans,Multan Sultans,field,Islamabad United,47.0,,,,JO Holder,20,6,T20,male
1475245,2025,2025-04-18,8.0,"National Stadium, Karachi",Karachi,Karachi Kings,Quetta Gladiators,Karachi Kings,bat,Karachi Kings,56.0,,,,JM Vince,20,6,T20,male
1475246,2025,2025-04-19,9.0,Rawalpindi Cricket Stadium,Rawalpindi,Peshawar Zalmi,Multan Sultans,Peshawar Zalmi,bat,Peshawar Zalmi,120.0,,,,Abdul Samad,20,6,T20,male
1475247,2025,2025-04-20,10.0,"National Stadium, Karachi",Karachi,Karachi Kings,Islamabad United,Islamabad United,field,Islamabad United,,6.0,,,Shadab Khan,20,6,T20,male
1475248,2025,2025-04-21,11.0,"National Stadium, Karachi",Karachi,Peshawar Zalmi,Karachi Kings,Karachi Kings,field,Karachi Kings,,2.0,,,Khushdil Shah,20,6,T20,male
1475249,2025,2025-04-22,12.0,Multan Cricket Stadium,Multan,Multan Sultans,Lahore Qalandars,Multan Sultans,bat,Multan Sultans,33.0,,,,Yasir Khan,20,6,T20,male
1475250,2025,2025-04-23,13.0,Multan Cricket Stadium,Multan,Multan Sultans,Islamabad United,Multan Sultans,bat,Islamabad United,,7.0,,,AGS Gous,20,6,T20,male
1475251,2025,2025-04-24,14.0,"Gaddafi Stadium, Lahore",Lahore,Lahore Qalandars,Peshawar Zalmi,Peshawar Zalmi,field,Peshawar Zalmi,,7.0,,,AS Joseph,20,6,T20,male
1475252,2025,2025-04-25,15.0,"Gaddafi Stadium, Lahore",Lahore,Quetta Gladiators,Karachi Kings,Karachi Kings,field,Quetta Gladiators,5.0,,,,Abrar Ahmed,20,6,T20,male
1475253,2025,2025-04-26,16.0,"Gaddafi Stadium, Lahore",Lahore,Multan Sultans,Lahore Qalandars,Lahore Qalandars,field,Lahore Qalandars,,5.0,,,DJ Mitchell,20,6,T20,male
1475254,2025,2025-04-27,17.0,"Gaddafi Stadium, Lahore",Lahore,Quetta Gladiators,Peshawar Zalmi,Peshawar Zalmi,field,Quetta Gladiators,64.0,,,,Faheem Ashraf,20,6,T20,male
1475255,2025,2025-04-29,18.0,"Gaddafi Stadium, Lahore",Lahore,Multan Sultans,Quetta Gladiators,Quetta Gladiators,field,Quetta Gladiators,,10.0,,,Khurram Shahzad,20,6,T20,male
1475256,2025,2025-04-30,19.0,"Gaddafi Stadium, Lahore",Lahore,Lahore Qalandars,Islamabad United,Islamabad United,field,Lahore Qalandars,88.0,,,,Sikandar Raza,20,6,T20,male
1475258,2025,2025-05-01,21.0,"Gaddafi Stadium, Lahore",Lahore,Lahore Qalandars,Quetta Gladiators,Quetta Gladiators,field,,,,,no result,,20,6,T20,male
1475257,2025,2025-05-01,20.0,"Gaddafi Stadium, Lahore",Lahore,Karachi Kings,Multan Sultans,Karachi Kings,bat,Karachi Kings,87.0,,,,JM Vince,20,6,T20,male
1475259,2025,2025-05-02,22.0,"Gaddafi Stadium, Lahore",Lahore,Islamabad United,Peshawar Zalmi,Islamabad United,bat,Peshawar Zalmi,,6.0,,,Maaz Sadaqat,20,6,T20,male
1475260,2025,2025-05-03,23.0,"Gaddafi Stadium, Lahore",Lahore,Islamabad United,Quetta Gladiators,Quetta Gladiators,field,Quetta Gladiators,,2.0,,,Hassan Nawaz,20,6,T20,male
1475261,2025,2025-05-04,24.0,"Gaddafi Stadium, Lahore",Lahore,Lahore Qalandars,Karachi Kings,Karachi Kings,field,Karachi Kings,,4.0,D/L,,Irfan Khan,20,6,T20,male
1475262,2025,2025-05-05,25.0,Multan Cricket Stadium,Multan,Multan Sultans,Peshawar Zalmi,Multan Sultans,bat,Peshawar Zalmi,,7.0,,,Ahmed Daniyal,20,6,T20,male
1475263,2025,2025-05-07,26.0,Rawalpindi Cricket Stadium,Rawalpindi,Quetta Gladiators,Islamabad United,Islamabad United,field,Quetta Gladiators,109.0,,,,RR Rossouw,20,6,T20,male
1475264,2025,2025-05-17,27.0,Rawalpindi Cricket Stadium,Rawalpindi,Karachi Kings,Peshawar Zalmi,Peshawar Zalmi,field,Karachi Kings,23.0,,,,DA Warner,20,6,T20,male
1475265,2025,2025-05-18,28.0,Rawalpindi Cricket Stadium,Rawalpindi,Multan Sultans,Quetta Gladiators,Multan Sultans,bat,Quetta Gladiators,,2.0,,,Hassan Nawaz,20,6,T20,male
1475266,2025,2025-05-18,29.0,Rawalpindi Cricket Stadium,Rawalpindi,Lahore Qalandars,Peshawar Zalmi,Peshawar Zalmi,field,Lahore Qalandars,26.0,,,,Salman Mirza,20,6,T20,male
1475267,2025,2025-05-19,30.0,Rawalpindi Cricket Stadium,Rawalpindi,Islamabad United,Karachi Kings,Karachi Kings,field,Islamabad United,79.0,,,,AD Hales,20,6,T20,male
1475268,2025,2025-05-21,,"Gaddafi Stadium, Lahore",Lahore,Quetta Gladiators,Islamabad United,Quetta Gladiators,bat,Quetta Gladiators,30.0,,,,Faheem Ashraf,20,6,T20,male
1475269,2025,2025-05-22,,"Gaddafi Stadium, Lahore",Lahore,Karachi Kings,Lahore Qalandars,Karachi Kings,bat,Lahore Qalandars,,6.0,,,Abdullah Shafique,20,6,T20,male
1475270,2025,2025-05-23,,"Gaddafi Stadium, Lahore",Lahore,Lahore Qalandars,Islamabad United,Lahore Qalandars,bat,Lahore Qalandars,95.0,,,,Salman Mirza,20,6,T20,male
1475271,2025,2025-05-25,,"Gaddafi Stadium, Lahore",Lahore,Quetta Gladiators,Lahore Qalandars,Quetta Gladiators,bat,Lahore Qalandars,,6.0,,,MDKJ Perera,20,6,T20,male
1527552,2026,2026-03-26,1.0,"Gaddafi Stadium, Lahore",Lahore,Lahore Qalandars,Hyderabad Kingsmen,Lahore Qalandars,bat,Lahore Qalandars,69.0,,,,Fakhar Zaman,20,6,T20,male
1527553,2026,2026-03-27,2.0,"Gaddafi Stadium, Lahore",Lahore,Karachi Kings,Quetta Gladiators,Quetta Gladiators,field,Karachi Kings,14.0,,,,MM Ali,20,6,T20,male
1527554,2026,2026-03-28,3.0,"Gaddafi Stadium, Lahore",Lahore,Rawalpindiz,Peshawar Zalmi,Rawalpindiz,bat,Peshawar Zalmi,,5.0,,,MG Bracewell,20,6,T20,male
1527555,2026,2026-03-28,4.0,"Gaddafi Stadium, Lahore",Lahore,Islamabad United,Multan Sultans,Multan Sultans,field,Multan Sultans,,5.0,,,Momin Qamar,20,6,T20,male
1527556,2026,2026-03-29,5.0,"Gaddafi Stadium, Lahore",Lahore,Quetta Gladiators,Hyderabad Kingsmen,Quetta Gladiators,bat,Quetta Gladiators,40.0,,,,Shamyl Hussain,20,6,T20,male
1527557,2026,2026-03-29,6.0,"Gaddafi Stadium, Lahore",Lahore,Lahore Qalandars,Karachi Kings,Lahore Qalandars,bat,Karachi Kings,,4.0,,,A Zampa,20,6,T20,male
1527559,2026,2026-04-01,8.0,"Gaddafi Stadium, Lahore",Lahore,Hyderabad Kingsmen,Multan Sultans,Hyderabad Kingsmen,bat,Multan Sultans,,6.0,,,Sahibzada Farhan,20,6,T20,male
1527560,2026,2026-04-02,9.0,"Gaddafi Stadium, Lahore",Lahore,Quetta Gladiators,Islamabad United,Quetta Gladiators,bat,Islamabad United,,8.0,,,Shadab Khan,20,6,T20,male
1527561,2026,2026-04-02,10.0,"Gaddafi Stadium, Lahore",Lahore,Rawalpindiz,Karachi Kings,Karachi Kings,field,Karachi Kings,,5.0,,,Azam Khan,20,6,T20,male
1527562,2026,2026-04-03,11.0,"Gaddafi Stadium, Lahore",Lahore,Lahore Qalandars,Multan Sultans,Multan Sultans,field,Lahore Qalandars,20.0,,,,Muhammad Naeem,20,6,T20,male
1527563,2026,2026-04-04,12.0,"Gaddafi Stadium, Lahore",Lahore,Rawalpindiz,Islamabad United,Islamabad United,field,Islamabad United,,7.0,,,Sameer Minhas,20,6,T20,male
1527564,2026,2026-04-05,13.0,"Gaddafi Stadium, Lahore",Lahore,Quetta Gladiators,Multan Sultans,Multan Sultans,field,Multan Sultans,,6.0,,,Mohammad Nawaz,20,6,T20,male
1527565,2026,2026-04-06,14.0,"Gaddafi Stadium, Lahore",Lahore,Rawalpindiz,Multan Sultans,Multan Sultans,field,Multan Sultans,,7.0,,,Faisal Akram,20,6,T20,male
1527566,2026,2026-04-08,15.0,"National Stadium, Karachi",Karachi,Hyderabad Kingsmen,Peshawar Zalmi,Peshawar Zalmi,field,Peshawar Zalmi,,4.0,,,Iftikhar Ahmed,20,6,T20,male
1527567,2026,2026-04-09,16.0,"National Stadium, Karachi",Karachi,Lahore Qalandars,Islamabad United,Islamabad United,field,Islamabad United,,9.0,,,CJ Green,20,6,T20,male
1527568,2026,2026-04-09,17.0,"National Stadium, Karachi",Karachi,Peshawar Zalmi,Karachi Kings,Karachi Kings,field,Peshawar Zalmi,159.0,,,,BKG Mendis,20,6,T20,male
1527569,2026,2026-04-10,18.0,"National Stadium, Karachi",Karachi,Quetta Gladiators,Rawalpindiz,Rawalpindiz,field,Quetta Gladiators,61.0,,,,RR Rossouw,20,6,T20,male
1527570,2026,2026-04-11,19.0,"National Stadium, Karachi",Karachi,Peshawar Zalmi,Lahore Qalandars,Lahore Qalandars,field,Peshawar Zalmi,76.0,,,,BKG Mendis,20,6,T20,male
1527571,2026,2026-04-11,20.0,"National Stadium, Karachi",Karachi,Karachi Kings,Hyderabad Kingsmen,Hyderabad Kingsmen,field,Hyderabad Kingsmen,,4.0,,,Hassan Khan,20,6,T20,male
1527572,2026,2026-04-12,21.0,"National Stadium, Karachi",Karachi,Islamabad United,Hyderabad Kingsmen,Hyderabad Kingsmen,field,Hyderabad Kingsmen,,6.0,,,M Labuschagne,20,6,T20,male
1527573,2026,2026-04-13,22.0,"National Stadium, Karachi",Karachi,Peshawar Zalmi,Multan Sultans,Multan Sultans,field,Peshawar Zalmi,24.0,,,,Sufiyan Muqeem,20,6,T20,male
1527574,2026,2026-04-15,23.0,"National Stadium, Karachi",Karachi,Quetta Gladiators,Peshawar Zalmi,Peshawar Zalmi,field,Peshawar Zalmi,,8.0,,,Sufiyan Muqeem,20,6,T20,male
1527575,2026,2026-04-16,24.0,"National Stadium, Karachi",Karachi,Rawalpindiz,Hyderabad Kingsmen,Hyderabad Kingsmen,field,Hyderabad Kingsmen,,5.0,,,Hunain Shah,20,6,T20,male
1527576,2026,2026-04-16,25.0,"National Stadium, Karachi",Karachi,Karachi Kings,Islamabad United,Islamabad United,field,Islamabad United,,8.0,,,Sameer Minhas,20,6,T20,male
1527577,2026,2026-04-17,26.0,"National Stadium, Karachi",Karachi,Lahore Qalandars,Quetta Gladiators,Lahore Qalandars,bat,Quetta Gladiators,,6.0,,,Usman Tariq,20,6,T20,male
1527578,2026,2026-04-18,27.0,"National Stadium, Karachi",Karachi,Lahore Qalandars,Rawalpindiz,Lahore Qalandars,bat,Lahore Qalandars,32.0,,,,Fakhar Zaman,20,6,T20,male
1527579,2026,2026-04-19,28.0,"National Stadium, Karachi",Karachi,Multan Sultans,Karachi Kings,Karachi Kings,field,Multan Sultans,11.0,,,,Arafat Minhas,20,6,T20,male
1527580,2026,2026-04-19,29.0,"National Stadium, Karachi",Karachi,Peshawar Zalmi,Quetta Gladiators,Quetta Gladiators,field,Peshawar Zalmi,118.0,,,,Babar Azam,20,6,T20,male
1527581,2026,2026-04-21,30.0,"Gaddafi Stadium, Lahore",Lahore,Lahore Qalandars,Quetta Gladiators,Lahore Qalandars,bat,Lahore Qalandars,9.0,,,,Fakhar Zaman,20,6,T20,male
1527582,2026,2026-04-21,31.0,"National Stadium, Karachi",Karachi,Rawalpindiz,Multan Sultans,Rawalpindiz,bat,Multan Sultans,,6.0,,,SPD Smith,20,6,T20,male
1527584,2026,2026-04-22,33.0,"National Stadium, Karachi",Karachi,Multan Sultans,Hyderabad Kingsmen,Hyderabad Kingsmen,field,Hyderabad Kingsmen,,4.0,,,Usman Khan,20,6,T20,male
1527583,2026,2026-04-22,32.0,"Gaddafi Stadium, Lahore",Lahore,Karachi Kings,Peshawar Zalmi,Karachi Kings,bat,Peshawar Zalmi,,7.0,,,BKG Mendis,20,6,T20,male
1527585,2026,2026-04-23,34.0,"National Stadium, Karachi",Karachi,Islamabad United,Rawalpindiz,Rawalpindiz,field,Rawalpindiz,,6.0,,,Mohammad Rizwan,20,6,T20,male
1527586,2026,2026-04-23,35.0,"Gaddafi Stadium, Lahore",Lahore,Lahore Qalandars,Karachi Kings,Karachi Kings,field,Karachi Kings,,5.0,,,Khushdil Shah,20,6,T20,male
1527587,2026,2026-04-24,36.0,"National Stadium, Karachi",Karachi,Hyderabad Kingsmen,Islamabad United,Islamabad United,field,Islamabad United,,8.0,,,RJ Gleeson,20,6,T20,male
1527589,2026,2026-04-25,38.0,"Gaddafi Stadium, Lahore",Lahore,Peshawar Zalmi,Lahore Qalandars,Lahore Qalandars,field,Lahore Qalandars,,6.0,,,Fakhar Zaman,20,6,T20,male
1527588,2026,2026-04-25,37.0,"Gaddafi Stadium, Lahore",Lahore,Quetta Gladiators,Karachi Kings,Karachi Kings,field,Karachi Kings,,9.0,,,DA Warner,20,6,T20,male
1527590,2026,2026-04-26,39.0,"National Stadium, Karachi",Karachi,Hyderabad Kingsmen,Rawalpindiz,Rawalpindiz,field,Hyderabad Kingsmen,108.0,,,,Hunain Shah,20,6,T20,male
1527591,2026,2026-04-26,40.0,"National Stadium, Karachi",Karachi,Multan Sultans,Islamabad United,Islamabad United,field,Islamabad United,,4.0,,,MS Chapman,20,6,T20,male
1527592,2026,2026-04-28,,"National Stadium, Karachi",Karachi,Peshawar Zalmi,Islamabad United,Islamabad United,field,Peshawar Zalmi,70.0,,,,Babar Azam,20,6,T20,male
1527593,2026,2026-04-29,,"Gaddafi Stadium, Lahore",Lahore,Multan Sultans,Hyderabad Kingsmen,Hyderabad Kingsmen,field,Hyderabad Kingsmen,,8.0,,,Maaz Sadaqat,20,6,T20,male
1527594,2026,2026-05-01,,"Gaddafi Stadium, Lahore",Lahore,Hyderabad Kingsmen,Islamabad United,Islamabad United,field,Hyderabad Kingsmen,2.0,,,,Hunain Shah,20,6,T20,male
1527595,2026,2026-05-03,,"Gaddafi Stadium, Lahore",Lahore,Hyderabad Kingsmen,Peshawar Zalmi,Peshawar Zalmi,field,Peshawar Zalmi,,5.0,,,AM Hardie,20,6,T20,male
